{
  "goofball.soundtrack.double_time": {
    "sounds": [
      "bingdom:double_time"]
    },
  "goofball.soundtrack.masquerade": {
    "sounds": [
      "bingdom:masquerade"]
    },
  "goofball.soundtrack.guiseppes_theme": {
    "sounds": [
      "bingdom:guiseppes_theme"]
    },
  "ambient.wabungus": {
    "sounds": [
      "bingdom:wabungus"]
    },
  "dojo.assassin.knife": {
    "sounds": [
      "bingdom:balisong"]
    },
  "dojo.soundtrack.pagoda": {
    "sounds": [
      "bingdom:pagoda"]
    },
  "dojo.soundtrack.gardens": {
    "sounds": [
      "bingdom:gardens"]
    },
  "dojo.soundtrack.cathedral": {
    "sounds": [
      "bingdom:cathedral"]
    },
  "dojo.soundtrack.fire": {
    "sounds": [
      "bingdom:fire"]
    },
  "dojo.soundtrack.lobby.1": {
    "sounds": [
      "bingdom:lobby1"]
    },
  "dojo.soundtrack.lobby.2": {
    "sounds": [
      "bingdom:lobby2"]
    },
  "dojo.soundtrack.lobby.3": {
    "sounds": [
      "bingdom:lobby3"]
    },
  "dojo.soundtrack.lobby.4": {
    "sounds": [
      "bingdom:lobby4"]
    },
  "misc.murloc": {
    "sounds": [
      "bingdom:murloc"]
    },
  "the_chamber.jackpot": {
    "sounds": [
      "bingdom:jackpot"]
    },
  "misc.jack_block": {
    "sounds": [
      "bingdom:i_am_steve"]
    },
  "dojo.soundtrack.swap_stadium": {
    "sounds": [
      "bingdom:swappers"]
    },
  "dojo.soundtrack.seaside": {
    "sounds": [
      "bingdom:seaside"]
    },
  "dojo.jump_pad.extend": {
    "sounds": [
      "bingdom:jump_pad_extend"]
    },
  "dojo.jump_pad.contract": {
    "sounds": [
      "bingdom:jump_pad_contract"]
    },
  "dojo.ninja.dash": {
    "sounds": [
      "bingdom:ninja_dash"]
    }
}