{
  "variants": {
    "": [
      {
        "model": "minecraft:block/autumn_leaves_0"
      },
	  {
        "model": "minecraft:block/autumn_leaves_1"
      },
	  {
        "model": "minecraft:block/autumn_leaves_2"
      },
	  {
        "model": "minecraft:block/autumn_leaves_3"
      },
	  {
        "model": "minecraft:block/autumn_leaves_4"
      },
	  {
        "model": "minecraft:block/autumn_leaves_5"
      },
	  {
        "model": "minecraft:block/autumn_leaves_6"
      },
	  {
        "model": "minecraft:block/autumn_leaves_7"
      },
	  {
        "model": "minecraft:block/autumn_leaves_8"
      }
	  
    ]
  }
}