{
	"credit": "Made with Blockbench",
	"parent": "block/thin_block",
	"textures": {
		"particle": "block/oak_trapdoor",
		"texture": "block/oak_trapdoor"
	},
	"elements": [
		{
			"from": [0, 0, 0],
			"to": [16, 3, 16],
			"faces": {
				"north": {"uv": [3, 13, 6, 10], "texture": "#texture", "cullface": "north"},
				"east": {"uv": [3, 10, 6, 13], "texture": "#texture", "cullface": "east"},
				"south": {"uv": [3, 13, 6, 10], "texture": "#texture", "cullface": "south"},
				"west": {"uv": [3, 13, 6, 10], "texture": "#texture", "cullface": "west"},
				"up": {"uv": [0, 0, 16, 16], "texture": "#texture"},
				"down": {"uv": [0, 0, 16, 16], "texture": "#texture", "cullface": "down"}
			}
		},
		{
			"from": [0, 0, 0.001],
			"to": [16, 3, 0.001],
			"faces": {
				"north": {"uv": [0, 16, 16, 13], "texture": "#texture"},
				"east": {"uv": [0, 0, 0, 3], "texture": "#missing"},
				"west": {"uv": [0, 0, 0, 3], "texture": "#missing"},
				"up": {"uv": [0, 0, 16, 0], "texture": "#missing"},
				"down": {"uv": [0, 0, 16, 0], "texture": "#missing"}
			}
		},
		{
			"from": [0, 0, 15.999],
			"to": [16, 3, 15.999],
			"faces": {
				"east": {"uv": [0, 0, 0, 3], "texture": "#missing"},
				"south": {"uv": [0, 16, 16, 13], "texture": "#texture"},
				"west": {"uv": [0, 0, 0, 3], "texture": "#missing"},
				"up": {"uv": [0, 0, 16, 0], "texture": "#missing"},
				"down": {"uv": [0, 0, 16, 0], "texture": "#missing"}
			}
		},
		{
			"from": [15.999, 0, 0],
			"to": [15.999, 3, 16],
			"faces": {
				"north": {"uv": [0, 13, 16, 16], "texture": "#texture"},
				"east": {"uv": [0, 16, 16, 13], "texture": "#texture"},
				"south": {"uv": [0, 0, 16, 3], "texture": "#missing"},
				"up": {"uv": [0, 0, 16, 0], "texture": "#missing"},
				"down": {"uv": [0, 0, 16, 0], "texture": "#missing"}
			}
		},
		{
			"from": [0.001, 0, 0],
			"to": [0.001, 3, 16],
			"faces": {
				"north": {"uv": [0, 13, 16, 16], "texture": "#texture"},
				"south": {"uv": [0, 13, 16, 16], "texture": "#texture"},
				"west": {"uv": [0, 16, 16, 13], "texture": "#texture"},
				"up": {"uv": [0, 13, 16, 16], "texture": "#texture"},
				"down": {"uv": [0, 13, 16, 16], "texture": "#texture"}
			}
		}
	]
}