{
	"credit": "Made with Blockbench",
	"texture_size": [256, 256],
	"textures": {
		"0": "item/td_car_1_red"
	},
	"elements": [
		{
			"from": [0, 1.5, -7],
			"to": [16, 9.5, 23],
			"rotation": {"angle": 0, "axis": "y", "origin": [8, 0, 8]},
			"faces": {
				"north": {"uv": [3.75, 3.75, 5.75, 4.75], "texture": "#0"},
				"east": {"uv": [0, 3.75, 3.75, 4.75], "texture": "#0"},
				"south": {"uv": [9.5, 3.75, 11.5, 4.75], "texture": "#0"},
				"west": {"uv": [3.75, 3.75, 0, 4.75], "texture": "#0"},
				"up": {"uv": [5.75, 3.75, 3.75, 0], "texture": "#0"},
				"down": {"uv": [7.75, 0, 5.75, 3.75], "texture": "#0"}
			}
		},
		{
			"from": [16, 9.5, 19.5],
			"to": [16, 14, 20],
			"rotation": {"angle": 0, "axis": "y", "origin": [8, 0, 8]},
			"faces": {
				"north": {"uv": [0, 4.875, 0.0625, 5.4375], "texture": "#0"},
				"east": {"uv": [0, 4.875, 0.0625, 5.4375], "texture": "#0"},
				"south": {"uv": [0, 4.875, 0.0625, 5.4375], "texture": "#0"},
				"west": {"uv": [0, 4.875, 0.0625, 5.4375], "texture": "#0"},
				"up": {"uv": [0, 4.875, 0.0625, 5.4375], "texture": "#0"},
				"down": {"uv": [0, 4.875, 0.0625, 5.4375], "texture": "#0"}
			}
		},
		{
			"from": [-1.005, 1.495, -8.005],
			"to": [17.005, 3.005, -4.995],
			"rotation": {"angle": 0, "axis": "y", "origin": [8, 0, 8]},
			"faces": {
				"north": {"uv": [6.3125, 5.6875, 8.5625, 5.875], "texture": "#0"},
				"east": {"uv": [5.9375, 5.6875, 6.3125, 5.875], "texture": "#0"},
				"south": {"uv": [8.9375, 5.6875, 11.1875, 5.875], "texture": "#0"},
				"west": {"uv": [8.5625, 5.6875, 8.9375, 5.875], "texture": "#0"},
				"up": {"uv": [8.5625, 5.6875, 6.3125, 5.3125], "texture": "#0"},
				"down": {"uv": [10.8125, 5.3125, 8.5625, 5.6875], "texture": "#0"}
			}
		},
		{
			"from": [-1.005, 1.495, 20.995],
			"to": [17.005, 3.005, 24.005],
			"rotation": {"angle": 0, "axis": "y", "origin": [8, 0, 8]},
			"faces": {
				"north": {"uv": [8.9375, 5.6875, 11.1875, 5.875], "texture": "#0"},
				"east": {"uv": [8.5625, 5.6875, 8.9375, 5.875], "texture": "#0"},
				"south": {"uv": [6.3125, 5.6875, 8.5625, 5.875], "texture": "#0"},
				"west": {"uv": [5.9375, 5.6875, 6.3125, 5.875], "texture": "#0"},
				"up": {"uv": [6.3125, 5.3125, 8.5625, 5.6875], "texture": "#0"},
				"down": {"uv": [8.5625, 5.6875, 10.8125, 5.3125], "texture": "#0"}
			}
		},
		{
			"from": [5.5, 0.5, -8.1],
			"to": [10.5, 3, -8.1],
			"rotation": {"angle": 0, "axis": "y", "origin": [8, 0, 8]},
			"faces": {
				"north": {"uv": [12.25, 6.75, 12.875, 7.0625], "texture": "#0"},
				"east": {"uv": [5.9375, 5.6875, 6.3125, 5.875], "texture": "#0"},
				"south": {"uv": [13, 6.6875, 13.625, 7], "texture": "#0"},
				"west": {"uv": [8.5625, 5.6875, 8.9375, 5.875], "texture": "#0"},
				"up": {"uv": [8.5625, 5.6875, 6.3125, 5.3125], "texture": "#0"},
				"down": {"uv": [10.8125, 5.3125, 8.5625, 5.6875], "texture": "#0"}
			}
		},
		{
			"from": [15, 1.4995, 1],
			"to": [17, 5.9995, 2],
			"rotation": {"angle": 0, "axis": "y", "origin": [8, 0, 8]},
			"faces": {
				"north": {"uv": [1.5, 2.0625, 1.75, 2.625], "texture": "#0"},
				"east": {"uv": [1.375, 2.0625, 1.5, 2.625], "texture": "#0"},
				"south": {"uv": [1.875, 2.0625, 2.125, 2.625], "texture": "#0"},
				"west": {"uv": [1.75, 2.0625, 1.875, 2.625], "texture": "#0"},
				"up": {"uv": [1.75, 2.0625, 1.5, 1.9375], "texture": "#0"},
				"down": {"uv": [2, 1.9375, 1.75, 2.0625], "texture": "#0"}
			}
		},
		{
			"from": [15, 1.4995, -5],
			"to": [17, 5.9995, -4],
			"rotation": {"angle": 0, "axis": "y", "origin": [8, 0, 8]},
			"faces": {
				"north": {"uv": [1.625, 1.375, 1.875, 1.9375], "texture": "#0"},
				"east": {"uv": [1.5, 1.375, 1.625, 1.9375], "texture": "#0"},
				"south": {"uv": [2, 1.375, 2.25, 1.9375], "texture": "#0"},
				"west": {"uv": [1.875, 1.375, 2, 1.9375], "texture": "#0"},
				"up": {"uv": [1.875, 1.375, 1.625, 1.25], "texture": "#0"},
				"down": {"uv": [2.125, 1.25, 1.875, 1.375], "texture": "#0"}
			}
		},
		{
			"from": [16, 5, -4],
			"to": [17, 6, 1],
			"rotation": {"angle": 0, "axis": "y", "origin": [8, 0, 8]},
			"faces": {
				"north": {"uv": [0.625, 1.875, 0.75, 2], "texture": "#0"},
				"east": {"uv": [0, 1.875, 0.625, 2], "texture": "#0"},
				"south": {"uv": [1.375, 1.875, 1.5, 2], "texture": "#0"},
				"west": {"uv": [0.75, 1.875, 1.375, 2], "texture": "#0"},
				"up": {"uv": [0.75, 1.875, 0.625, 1.25], "texture": "#0"},
				"down": {"uv": [0.875, 1.25, 0.75, 1.875], "texture": "#0"}
			}
		},
		{
			"from": [12.475, -0.025, -4.025],
			"to": [16.025, 5.025, 1.025],
			"rotation": {"angle": 0, "axis": "y", "origin": [8, 0, 8]},
			"faces": {
				"north": {"uv": [0.625, 0.625, 1.0625, 1.25], "texture": "#0"},
				"east": {"uv": [0, 0.625, 0.625, 1.25], "texture": "#0"},
				"south": {"uv": [1.6875, 0.625, 2.125, 1.25], "texture": "#0"},
				"west": {"uv": [1.0625, 0.625, 1.6875, 1.25], "texture": "#0"},
				"up": {"uv": [1.0625, 0.625, 0.625, 0], "texture": "#0"},
				"down": {"uv": [1.5, 0, 1.0625, 0.625], "texture": "#0"}
			}
		},
		{
			"from": [12.475, -0.025, 14.975],
			"to": [16.025, 5.025, 20.025],
			"rotation": {"angle": 0, "axis": "y", "origin": [8, 0, 8]},
			"faces": {
				"north": {"uv": [0.625, 0.625, 1.0625, 1.25], "texture": "#0"},
				"east": {"uv": [0, 0.625, 0.625, 1.25], "texture": "#0"},
				"south": {"uv": [1.6875, 0.625, 2.125, 1.25], "texture": "#0"},
				"west": {"uv": [1.0625, 0.625, 1.6875, 1.25], "texture": "#0"},
				"up": {"uv": [1.0625, 0.625, 0.625, 0], "texture": "#0"},
				"down": {"uv": [1.5, 0, 1.0625, 0.625], "texture": "#0"}
			}
		},
		{
			"from": [15, 1.4995, 20],
			"to": [17, 5.9995, 21],
			"rotation": {"angle": 0, "axis": "y", "origin": [8, 0, 8]},
			"faces": {
				"north": {"uv": [1.5, 2.0625, 1.75, 2.625], "texture": "#0"},
				"east": {"uv": [1.375, 2.0625, 1.5, 2.625], "texture": "#0"},
				"south": {"uv": [1.875, 2.0625, 2.125, 2.625], "texture": "#0"},
				"west": {"uv": [1.75, 2.0625, 1.875, 2.625], "texture": "#0"},
				"up": {"uv": [1.75, 2.0625, 1.5, 1.9375], "texture": "#0"},
				"down": {"uv": [2, 1.9375, 1.75, 2.0625], "texture": "#0"}
			}
		},
		{
			"from": [16, 5, 15],
			"to": [17, 6, 20],
			"rotation": {"angle": 0, "axis": "y", "origin": [8, 0, 8]},
			"faces": {
				"north": {"uv": [0.625, 1.875, 0.75, 2], "texture": "#0"},
				"east": {"uv": [0, 1.875, 0.625, 2], "texture": "#0"},
				"south": {"uv": [1.375, 1.875, 1.5, 2], "texture": "#0"},
				"west": {"uv": [0.75, 1.875, 1.375, 2], "texture": "#0"},
				"up": {"uv": [0.75, 1.875, 0.625, 1.25], "texture": "#0"},
				"down": {"uv": [0.875, 1.25, 0.75, 1.875], "texture": "#0"}
			}
		},
		{
			"from": [15, 1.4995, 14],
			"to": [17, 5.9995, 15],
			"rotation": {"angle": 0, "axis": "y", "origin": [8, 0, 8]},
			"faces": {
				"north": {"uv": [1.625, 1.375, 1.875, 1.9375], "texture": "#0"},
				"east": {"uv": [1.5, 1.375, 1.625, 1.9375], "texture": "#0"},
				"south": {"uv": [2, 1.375, 2.25, 1.9375], "texture": "#0"},
				"west": {"uv": [1.875, 1.375, 2, 1.9375], "texture": "#0"},
				"up": {"uv": [1.875, 1.375, 1.625, 1.25], "texture": "#0"},
				"down": {"uv": [2.125, 1.25, 1.875, 1.375], "texture": "#0"}
			}
		},
		{
			"from": [-0.025, -0.025, 14.975],
			"to": [3.525, 5.025, 20.025],
			"rotation": {"angle": 0, "axis": "y", "origin": [20, 1.5, 19]},
			"faces": {
				"north": {"uv": [1.0625, 0.625, 0.625, 1.25], "texture": "#0"},
				"east": {"uv": [1.6875, 0.625, 1.0625, 1.25], "texture": "#0"},
				"south": {"uv": [2.125, 0.625, 1.6875, 1.25], "texture": "#0"},
				"west": {"uv": [0.625, 0.625, 0, 1.25], "texture": "#0"},
				"up": {"uv": [0.625, 0.625, 1.0625, 0], "texture": "#0"},
				"down": {"uv": [1.0625, 0, 1.5, 0.625], "texture": "#0"}
			}
		},
		{
			"from": [-1, 1.4995, 20],
			"to": [1, 5.9995, 21],
			"rotation": {"angle": 0, "axis": "y", "origin": [20, 1.5, 19]},
			"faces": {
				"north": {"uv": [1.75, 2.0625, 1.5, 2.625], "texture": "#0"},
				"east": {"uv": [1.875, 2.0625, 1.75, 2.625], "texture": "#0"},
				"south": {"uv": [2.125, 2.0625, 1.875, 2.625], "texture": "#0"},
				"west": {"uv": [1.5, 2.0625, 1.375, 2.625], "texture": "#0"},
				"up": {"uv": [1.5, 2.0625, 1.75, 1.9375], "texture": "#0"},
				"down": {"uv": [1.75, 1.9375, 2, 2.0625], "texture": "#0"}
			}
		},
		{
			"from": [-1, 5, 15],
			"to": [0, 6, 20],
			"rotation": {"angle": 0, "axis": "y", "origin": [20, 1.5, 19]},
			"faces": {
				"north": {"uv": [0.75, 1.875, 0.625, 2], "texture": "#0"},
				"east": {"uv": [1.375, 1.875, 0.75, 2], "texture": "#0"},
				"south": {"uv": [1.5, 1.875, 1.375, 2], "texture": "#0"},
				"west": {"uv": [0.625, 1.875, 0, 2], "texture": "#0"},
				"up": {"uv": [0.625, 1.875, 0.75, 1.25], "texture": "#0"},
				"down": {"uv": [0.75, 1.25, 0.875, 1.875], "texture": "#0"}
			}
		},
		{
			"from": [-1, 1.4995, 14],
			"to": [1, 5.9995, 15],
			"rotation": {"angle": 0, "axis": "y", "origin": [20, 1.5, 19]},
			"faces": {
				"north": {"uv": [1.875, 1.375, 1.625, 1.9375], "texture": "#0"},
				"east": {"uv": [2, 1.375, 1.875, 1.9375], "texture": "#0"},
				"south": {"uv": [2.25, 1.375, 2, 1.9375], "texture": "#0"},
				"west": {"uv": [1.625, 1.375, 1.5, 1.9375], "texture": "#0"},
				"up": {"uv": [1.625, 1.375, 1.875, 1.25], "texture": "#0"},
				"down": {"uv": [1.875, 1.25, 2.125, 1.375], "texture": "#0"}
			}
		},
		{
			"from": [-1, 1.4995, 1],
			"to": [1, 5.9995, 2],
			"rotation": {"angle": 0, "axis": "y", "origin": [20, 1.5, 19]},
			"faces": {
				"north": {"uv": [1.75, 2.0625, 1.5, 2.625], "texture": "#0"},
				"east": {"uv": [1.875, 2.0625, 1.75, 2.625], "texture": "#0"},
				"south": {"uv": [2.125, 2.0625, 1.875, 2.625], "texture": "#0"},
				"west": {"uv": [1.5, 2.0625, 1.375, 2.625], "texture": "#0"},
				"up": {"uv": [1.5, 2.0625, 1.75, 1.9375], "texture": "#0"},
				"down": {"uv": [1.75, 1.9375, 2, 2.0625], "texture": "#0"}
			}
		},
		{
			"from": [-1, 5, -4],
			"to": [0, 6, 1],
			"rotation": {"angle": 0, "axis": "y", "origin": [20, 1.5, 19]},
			"faces": {
				"north": {"uv": [0.75, 1.875, 0.625, 2], "texture": "#0"},
				"east": {"uv": [1.375, 1.875, 0.75, 2], "texture": "#0"},
				"south": {"uv": [1.5, 1.875, 1.375, 2], "texture": "#0"},
				"west": {"uv": [0.625, 1.875, 0, 2], "texture": "#0"},
				"up": {"uv": [0.625, 1.875, 0.75, 1.25], "texture": "#0"},
				"down": {"uv": [0.75, 1.25, 0.875, 1.875], "texture": "#0"}
			}
		},
		{
			"from": [-1, 1.4995, -5],
			"to": [1, 5.9995, -4],
			"rotation": {"angle": 0, "axis": "y", "origin": [20, 1.5, 19]},
			"faces": {
				"north": {"uv": [1.875, 1.375, 1.625, 1.9375], "texture": "#0"},
				"east": {"uv": [2, 1.375, 1.875, 1.9375], "texture": "#0"},
				"south": {"uv": [2.25, 1.375, 2, 1.9375], "texture": "#0"},
				"west": {"uv": [1.625, 1.375, 1.5, 1.9375], "texture": "#0"},
				"up": {"uv": [1.625, 1.375, 1.875, 1.25], "texture": "#0"},
				"down": {"uv": [1.875, 1.25, 2.125, 1.375], "texture": "#0"}
			}
		},
		{
			"from": [-0.025, -0.025, -4.025],
			"to": [3.525, 5.025, 1.025],
			"rotation": {"angle": 0, "axis": "y", "origin": [20, 1.5, 19]},
			"faces": {
				"north": {"uv": [1.0625, 0.625, 0.625, 1.25], "texture": "#0"},
				"east": {"uv": [1.6875, 0.625, 1.0625, 1.25], "texture": "#0"},
				"south": {"uv": [2.125, 0.625, 1.6875, 1.25], "texture": "#0"},
				"west": {"uv": [0.625, 0.625, 0, 1.25], "texture": "#0"},
				"up": {"uv": [0.625, 0.625, 1.0625, 0], "texture": "#0"},
				"down": {"uv": [1.0625, 0, 1.5, 0.625], "texture": "#0"}
			}
		},
		{
			"from": [0, 9.5, 2],
			"to": [16, 16, 17.5],
			"rotation": {"angle": 0, "axis": "y", "origin": [8, 0, 8]},
			"faces": {
				"north": {"uv": [1.9375, 6.75, 3.9375, 7.5625], "texture": "#0"},
				"east": {"uv": [0, 6.75, 1.9375, 7.5625], "texture": "#0"},
				"south": {"uv": [5.875, 6.75, 7.875, 7.5625], "texture": "#0"},
				"west": {"uv": [1.9375, 6.75, 0, 7.5625], "texture": "#0"},
				"up": {"uv": [3.9375, 6.6875, 1.9375, 4.75], "texture": "#0"}
			}
		},
		{
			"from": [16, 16, 17.5],
			"to": [0, 9.5, 2],
			"rotation": {"angle": 0, "axis": "y", "origin": [8, 16, 8]},
			"faces": {
				"north": {"uv": [5.875, 7.5625, 7.875, 6.75], "texture": "#0"},
				"east": {"uv": [1.9375, 7.5625, 0, 6.75], "texture": "#0"},
				"south": {"uv": [1.9375, 7.5625, 3.9375, 6.75], "texture": "#0"},
				"west": {"uv": [0, 7.5625, 1.9375, 6.75], "texture": "#0"},
				"down": {"uv": [1.9375, 6.6875, 3.9375, 4.75], "texture": "#0"}
			}
		},
		{
			"from": [0, 9.5, 1.5],
			"to": [16, 11.5, 1.5],
			"rotation": {"angle": 0, "axis": "y", "origin": [8, 0, 8]},
			"faces": {
				"north": {"uv": [14, 5.4375, 16, 5.6875], "texture": "#0"},
				"east": {"uv": [14, 5.4375, 16, 5.6875], "texture": "#0"},
				"south": {"uv": [14, 5.4375, 16, 5.6875], "texture": "#0"},
				"west": {"uv": [14, 5.4375, 16, 5.6875], "texture": "#0"},
				"up": {"uv": [14, 5.4375, 16, 5.6875], "texture": "#0"},
				"down": {"uv": [14, 5.4375, 16, 5.6875], "texture": "#0"}
			}
		},
		{
			"from": [17, 4.5, -4],
			"to": [17, 5, 1],
			"rotation": {"angle": 0, "axis": "y", "origin": [8, 0, 8]},
			"faces": {
				"north": {"uv": [7.875, 0, 8.5, 0.4375], "texture": "#0"},
				"east": {"uv": [7.875, 0, 8.5, 0.0625], "texture": "#0"},
				"south": {"uv": [7.875, 0, 8.5, 0.4375], "texture": "#0"},
				"west": {"uv": [7.875, 0, 8.5, 0.4375], "texture": "#0"},
				"up": {"uv": [7.875, 0, 8.5, 0.4375], "texture": "#0"},
				"down": {"uv": [7.875, 0, 8.5, 0.4375], "texture": "#0"}
			}
		},
		{
			"from": [17, 4.5, 15],
			"to": [17, 5, 20],
			"rotation": {"angle": 0, "axis": "y", "origin": [8, 0, 8]},
			"faces": {
				"north": {"uv": [7.875, 0, 8.5, 0.4375], "texture": "#0"},
				"east": {"uv": [7.875, 0, 8.5, 0.0625], "texture": "#0"},
				"south": {"uv": [7.875, 0, 8.5, 0.4375], "texture": "#0"},
				"west": {"uv": [7.875, 0, 8.5, 0.4375], "texture": "#0"},
				"up": {"uv": [7.875, 0, 8.5, 0.4375], "texture": "#0"},
				"down": {"uv": [7.875, 0, 8.5, 0.4375], "texture": "#0"}
			}
		},
		{
			"from": [-1, 4.5, -4],
			"to": [-1, 5, 1],
			"rotation": {"angle": 0, "axis": "y", "origin": [8, 0, 8]},
			"faces": {
				"north": {"uv": [7.875, 0, 8.5, 0.4375], "texture": "#0"},
				"east": {"uv": [7.875, 0, 8.5, 0.4375], "texture": "#0"},
				"south": {"uv": [7.875, 0, 8.5, 0.4375], "texture": "#0"},
				"west": {"uv": [7.875, 0, 8.5, 0.0625], "texture": "#0"},
				"up": {"uv": [7.875, 0, 8.5, 0.4375], "texture": "#0"},
				"down": {"uv": [7.875, 0, 8.5, 0.4375], "texture": "#0"}
			}
		},
		{
			"from": [-1, 4.5, 15],
			"to": [-1, 5, 20],
			"rotation": {"angle": 0, "axis": "y", "origin": [8, 0, 8]},
			"faces": {
				"north": {"uv": [7.875, 0, 8.5, 0.4375], "texture": "#0"},
				"east": {"uv": [7.875, 0, 8.5, 0.4375], "texture": "#0"},
				"south": {"uv": [7.875, 0, 8.5, 0.4375], "texture": "#0"},
				"west": {"uv": [7.875, 0, 8.5, 0.0625], "texture": "#0"},
				"up": {"uv": [7.875, 0, 8.5, 0.4375], "texture": "#0"},
				"down": {"uv": [7.875, 0, 8.5, 0.4375], "texture": "#0"}
			}
		},
		{
			"from": [16.5, 8.5, 2],
			"to": [19, 11, 3],
			"rotation": {"angle": 0, "axis": "y", "origin": [8, 0, 8]},
			"faces": {
				"north": {"uv": [15.25, 0.125, 15.5625, 0.4375], "texture": "#0"},
				"east": {"uv": [15.125, 0.125, 15.25, 0.4375], "texture": "#0"},
				"south": {"uv": [15.6875, 0.125, 16, 0.4375], "texture": "#0"},
				"west": {"uv": [15.5625, 0.125, 15.6875, 0.4375], "texture": "#0"},
				"up": {"uv": [15.5625, 0.125, 15.25, 0], "texture": "#0"},
				"down": {"uv": [15.875, 0, 15.5625, 0.125], "texture": "#0"}
			}
		},
		{
			"from": [16, 9, 2.5],
			"to": [16.5, 10, 2.5],
			"rotation": {"angle": 0, "axis": "y", "origin": [8, 0, 8]},
			"faces": {
				"north": {"uv": [15.875, 1.125, 15.9375, 1.25], "texture": "#0"},
				"east": {"uv": [15.875, 1.125, 15.875, 1.25], "texture": "#0"},
				"south": {"uv": [15.9375, 1.125, 16, 1.25], "texture": "#0"},
				"west": {"uv": [15.9375, 1.125, 15.9375, 1.25], "texture": "#0"},
				"up": {"uv": [15.9375, 1.125, 15.875, 1.125], "texture": "#0"},
				"down": {"uv": [16, 1.125, 15.9375, 1.125], "texture": "#0"}
			}
		},
		{
			"from": [-3, 8.5, 2],
			"to": [-0.5, 11, 3],
			"rotation": {"angle": 0, "axis": "y", "origin": [8, 0, 8]},
			"faces": {
				"north": {"uv": [15.5625, 0.125, 15.25, 0.4375], "texture": "#0"},
				"east": {"uv": [15.6875, 0.125, 15.5625, 0.4375], "texture": "#0"},
				"south": {"uv": [16, 0.125, 15.6875, 0.4375], "texture": "#0"},
				"west": {"uv": [15.25, 0.125, 15.125, 0.4375], "texture": "#0"},
				"up": {"uv": [15.25, 0.125, 15.5625, 0], "texture": "#0"},
				"down": {"uv": [15.5625, 0, 15.875, 0.125], "texture": "#0"}
			}
		},
		{
			"from": [-0.5, 9, 2.5],
			"to": [0, 10, 2.5],
			"rotation": {"angle": 0, "axis": "y", "origin": [8, 0, 8]},
			"faces": {
				"north": {"uv": [15.9375, 1.125, 15.875, 1.25], "texture": "#0"},
				"east": {"uv": [15.9375, 1.125, 15.9375, 1.25], "texture": "#0"},
				"south": {"uv": [16, 1.125, 15.9375, 1.25], "texture": "#0"},
				"west": {"uv": [15.875, 1.125, 15.875, 1.25], "texture": "#0"},
				"up": {"uv": [15.875, 1.125, 15.9375, 1.125], "texture": "#0"},
				"down": {"uv": [15.9375, 1.125, 16, 1.125], "texture": "#0"}
			}
		},
		{
			"name": "inside",
			"from": [15.95, 9.45, 17.45],
			"to": [0.05, 6.05, 2.05],
			"rotation": {"angle": 0, "axis": "y", "origin": [8, 0, 8]},
			"faces": {
				"north": {"uv": [2, 16, 0, 14.0625], "texture": "#0"},
				"east": {"uv": [2, 16, 0, 14.0625], "texture": "#0"},
				"south": {"uv": [2, 16, 0, 14.0625], "texture": "#0"},
				"west": {"uv": [2, 16, 0, 14.0625], "texture": "#0"},
				"up": {"uv": [2, 16, 0, 14.0625], "texture": "#0"},
				"down": {"uv": [2, 16, 0, 14.0625], "texture": "#0"}
			}
		},
		{
			"from": [9, 5.5, 8.5],
			"to": [14, 12.5, 10.5],
			"rotation": {"angle": 0, "axis": "y", "origin": [8, 0, 8]},
			"faces": {
				"north": {"uv": [14.5, 15.125, 15.125, 16], "texture": "#0"},
				"east": {"uv": [14.25, 15.125, 14.5, 16], "texture": "#0"},
				"south": {"uv": [15.375, 15.125, 16, 16], "texture": "#0"},
				"west": {"uv": [15.125, 15.125, 15.375, 16], "texture": "#0"},
				"up": {"uv": [15.125, 15.125, 14.5, 14.875], "texture": "#0"},
				"down": {"uv": [15.75, 14.875, 15.125, 15.125], "texture": "#0"}
			}
		},
		{
			"from": [2, 5.5, 8.5],
			"to": [7, 12.5, 10.5],
			"rotation": {"angle": 0, "axis": "y", "origin": [8, 0, 8]},
			"faces": {
				"north": {"uv": [14.5, 15.125, 15.125, 16], "texture": "#0"},
				"east": {"uv": [14.25, 15.125, 14.5, 16], "texture": "#0"},
				"south": {"uv": [15.375, 15.125, 16, 16], "texture": "#0"},
				"west": {"uv": [15.125, 15.125, 15.375, 16], "texture": "#0"},
				"up": {"uv": [15.125, 15.125, 14.5, 14.875], "texture": "#0"},
				"down": {"uv": [15.75, 14.875, 15.125, 15.125], "texture": "#0"}
			}
		},
		{
			"from": [2, 5.5, 15],
			"to": [14, 12.5, 17],
			"rotation": {"angle": 0, "axis": "y", "origin": [8, 0, 8]},
			"faces": {
				"north": {"uv": [14.5, 15.125, 15.125, 16], "texture": "#0"},
				"east": {"uv": [14.25, 15.125, 14.5, 16], "texture": "#0"},
				"south": {"uv": [15.375, 15.125, 16, 16], "texture": "#0"},
				"west": {"uv": [15.125, 15.125, 15.375, 16], "texture": "#0"},
				"up": {"uv": [15.125, 15.125, 14.5, 14.875], "texture": "#0"},
				"down": {"uv": [15.75, 14.875, 15.125, 15.125], "texture": "#0"}
			}
		},
		{
			"from": [2, 7, 3.5],
			"to": [7, 12, 3.5],
			"rotation": {"angle": -22.5, "axis": "x", "origin": [4.5, 9, 3.5]},
			"faces": {
				"north": {"uv": [2.4375, 15.375, 3.0625, 16], "texture": "#0"},
				"east": {"uv": [2.4375, 15.375, 3.0625, 16], "texture": "#0"},
				"south": {"uv": [2.4375, 15.375, 3.0625, 16], "texture": "#0"},
				"west": {"uv": [2.4375, 15.375, 3.0625, 16], "texture": "#0"},
				"up": {"uv": [2.4375, 15.375, 3.0625, 16], "texture": "#0"},
				"down": {"uv": [2.4375, 15.375, 3.0625, 16], "texture": "#0"}
			}
		},
		{
			"from": [1.5, 1.05, 20],
			"to": [3.5, 3.05, 25],
			"rotation": {"angle": 0, "axis": "y", "origin": [8, 0, 8]},
			"faces": {
				"north": {"uv": [6.125, 8.6875, 6.375, 8.9375], "texture": "#0"},
				"east": {"uv": [5.5, 8.6875, 6.125, 8.9375], "texture": "#0"},
				"south": {"uv": [7, 8.6875, 7.25, 8.9375], "texture": "#0"},
				"west": {"uv": [6.375, 8.6875, 7, 8.9375], "texture": "#0"},
				"up": {"uv": [6.375, 8.6875, 6.125, 8.0625], "texture": "#0"},
				"down": {"uv": [6.625, 8.0625, 6.375, 8.6875], "texture": "#0"}
			}
		}
	],
	"display": {
		"thirdperson_righthand": {
			"rotation": [75, 45, 0],
			"translation": [0, 2.5, 0],
			"scale": [0.375, 0.375, 0.375]
		},
		"thirdperson_lefthand": {
			"rotation": [75, 45, 0],
			"translation": [0, 2.5, 0],
			"scale": [0.375, 0.375, 0.375]
		},
		"firstperson_righthand": {
			"rotation": [0, 45, 0],
			"scale": [0.4, 0.4, 0.4]
		},
		"firstperson_lefthand": {
			"rotation": [0, 225, 0],
			"scale": [0.4, 0.4, 0.4]
		},
		"ground": {
			"translation": [0, 3, 0],
			"scale": [0.25, 0.25, 0.25]
		},
		"gui": {
			"rotation": [30, 225, 0],
			"scale": [0.625, 0.625, 0.625]
		},
		"head": {
			"translation": [0, -1, 0]
		},
		"fixed": {
			"scale": [0.5, 0.5, 0.5]
		}
	},
	"groups": [
		0,
		1,
		2,
		3,
		4,
		5,
		6,
		7,
		8,
		9,
		10,
		11,
		12,
		13,
		14,
		15,
		16,
		17,
		18,
		19,
		20,
		21,
		22,
		23,
		24,
		25,
		26,
		27,
		{
			"name": "bone",
			"origin": [16, 9.5, 2.5],
			"color": 0,
			"children": [28, 29]
		},
		{
			"name": "bone2",
			"origin": [0, 9.5, 2.5],
			"color": 0,
			"children": [30, 31]
		},
		32,
		33,
		34,
		35,
		36,
		37
	]
}