{
	"credit": "Made with Blockbench",
	"texture_size": [64, 64],
	"textures": {
		"0": "item/weapon_stump",
		"particle": "item/weapon_stump"
	},
	"elements": [
		{
			"from": [2, 16, -2],
			"to": [14, 28, 18],
			"rotation": {"angle": 0, "axis": "y", "origin": [7, 10, 7]},
			"faces": {
				"north": {"uv": [3, 10, 6, 13], "texture": "#0"},
				"east": {"uv": [0, 0, 5, 3], "texture": "#0"},
				"south": {"uv": [3, 10, 6, 13], "texture": "#0"},
				"west": {"uv": [0, 0, 5, 3], "texture": "#0"},
				"up": {"uv": [8, 5, 5, 0], "texture": "#0"},
				"down": {"uv": [8, 5, 5, 10], "texture": "#0"}
			}
		},
		{
			"from": [2, 28, 18],
			"to": [14, 28, 20],
			"rotation": {"angle": -22.5, "axis": "x", "origin": [8, 28, 18]},
			"faces": {
				"north": {"uv": [14.5, 10.5, 11.5, 10], "texture": "#0"},
				"east": {"uv": [14.5, 10.5, 11.5, 10], "texture": "#0"},
				"south": {"uv": [14.5, 10.5, 11.5, 10], "texture": "#0"},
				"west": {"uv": [14.5, 10.5, 11.5, 10], "texture": "#0"},
				"up": {"uv": [14.5, 10.5, 11.5, 10], "texture": "#0"},
				"down": {"uv": [14.5, 10, 11.5, 10.5], "texture": "#0"}
			}
		},
		{
			"from": [14, 16, 18],
			"to": [14, 28, 20],
			"rotation": {"angle": 22.5, "axis": "y", "origin": [14, 22, 18]},
			"faces": {
				"north": {"uv": [4.5, 6, 5, 9], "texture": "#0"},
				"east": {"uv": [4.5, 6, 5, 9], "texture": "#0"},
				"south": {"uv": [4.5, 6, 5, 9], "texture": "#0"},
				"west": {"uv": [5, 6, 4.5, 9], "texture": "#0"},
				"up": {"uv": [4.5, 6, 5, 9], "texture": "#0"},
				"down": {"uv": [4.5, 6, 5, 9], "texture": "#0"}
			}
		},
		{
			"from": [2, 16, 18],
			"to": [2, 28, 20],
			"rotation": {"angle": -22.5, "axis": "y", "origin": [2, 21, 18]},
			"faces": {
				"north": {"uv": [12.5, 4, 13, 7], "texture": "#0"},
				"east": {"uv": [13, 4, 12.5, 7], "texture": "#0"},
				"south": {"uv": [12.5, 4, 13, 7], "texture": "#0"},
				"west": {"uv": [12.5, 4, 13, 7], "texture": "#0"},
				"up": {"uv": [12.5, 4, 13, 7], "texture": "#0"},
				"down": {"uv": [12.5, 4, 13, 7], "texture": "#0"}
			}
		},
		{
			"from": [2, 16, 18],
			"to": [14, 16, 20],
			"rotation": {"angle": 22.5, "axis": "x", "origin": [8, 16, 18]},
			"faces": {
				"north": {"uv": [12.5, 8, 15.5, 7.5], "texture": "#0"},
				"east": {"uv": [12.5, 8, 15.5, 7.5], "texture": "#0"},
				"south": {"uv": [12.5, 8, 15.5, 7.5], "texture": "#0"},
				"west": {"uv": [12.5, 8, 15.5, 7.5], "texture": "#0"},
				"up": {"uv": [12.5, 8, 15.5, 7.5], "texture": "#0"},
				"down": {"uv": [12.5, 7.5, 15.5, 8], "texture": "#0"}
			}
		},
		{
			"from": [2, 16, -4],
			"to": [14, 16, -2],
			"rotation": {"angle": -22.5, "axis": "x", "origin": [8, 16, -2]},
			"faces": {
				"north": {"uv": [15.5, 7.5, 12.5, 7], "texture": "#0"},
				"east": {"uv": [15.5, 7.5, 12.5, 7], "texture": "#0"},
				"south": {"uv": [15.5, 7.5, 12.5, 7], "texture": "#0"},
				"west": {"uv": [15.5, 7.5, 12.5, 7], "texture": "#0"},
				"up": {"uv": [15.5, 7.5, 12.5, 7], "texture": "#0"},
				"down": {"uv": [15.5, 7, 12.5, 7.5], "texture": "#0"}
			}
		},
		{
			"from": [2, 28, -4],
			"to": [14, 28, -2],
			"rotation": {"angle": 22.5, "axis": "x", "origin": [8, 28, -2]},
			"faces": {
				"north": {"uv": [14.5, 13, 11.5, 12.5], "texture": "#0"},
				"east": {"uv": [14.5, 13, 11.5, 12.5], "texture": "#0"},
				"south": {"uv": [14.5, 13, 11.5, 12.5], "texture": "#0"},
				"west": {"uv": [14.5, 13, 11.5, 12.5], "texture": "#0"},
				"up": {"uv": [14.5, 13, 11.5, 12.5], "texture": "#0"},
				"down": {"uv": [14.5, 12.5, 11.5, 13], "texture": "#0"}
			}
		},
		{
			"from": [14, 16, -4],
			"to": [14, 28, -2],
			"rotation": {"angle": -22.5, "axis": "y", "origin": [14, 22, -2]},
			"faces": {
				"north": {"uv": [13, 1, 13.5, 4], "texture": "#0"},
				"east": {"uv": [13, 1, 13.5, 4], "texture": "#0"},
				"south": {"uv": [13, 1, 13.5, 4], "texture": "#0"},
				"west": {"uv": [13.5, 1, 13, 4], "texture": "#0"},
				"up": {"uv": [13, 1, 13.5, 4], "texture": "#0"},
				"down": {"uv": [13, 1, 13.5, 4], "texture": "#0"}
			}
		},
		{
			"from": [2, 16, -4],
			"to": [2, 28, -2],
			"rotation": {"angle": 22.5, "axis": "y", "origin": [2, 22, -2]},
			"faces": {
				"north": {"uv": [4, 13, 4.5, 16], "texture": "#0"},
				"east": {"uv": [4.5, 13, 4, 16], "texture": "#0"},
				"south": {"uv": [4, 13, 4.5, 16], "texture": "#0"},
				"west": {"uv": [4, 13, 4.5, 16], "texture": "#0"},
				"up": {"uv": [4, 13, 4.5, 16], "texture": "#0"},
				"down": {"uv": [4, 13, 4.5, 16], "texture": "#0"}
			}
		},
		{
			"from": [1, 15, 11],
			"to": [15, 29, 15],
			"rotation": {"angle": 0, "axis": "y", "origin": [7, 10, 7]},
			"faces": {
				"north": {"uv": [8, 3.5, 11.5, 7], "texture": "#0"},
				"east": {"uv": [4.5, 6, 3.5, 9.5], "texture": "#0"},
				"south": {"uv": [8, 0, 11.5, 3.5], "texture": "#0"},
				"west": {"uv": [3.5, 6, 4.5, 9.5], "texture": "#0"},
				"up": {"uv": [14.5, 11.5, 11, 10.5], "texture": "#0"},
				"down": {"uv": [15, 0, 11.5, 1], "texture": "#0"}
			}
		},
		{
			"from": [1, 15, 1],
			"to": [15, 29, 5],
			"rotation": {"angle": 0, "axis": "y", "origin": [7, 10, -3]},
			"faces": {
				"north": {"uv": [8, 3.5, 11.5, 7], "texture": "#0"},
				"east": {"uv": [11.5, 4.5, 12.5, 8], "texture": "#0"},
				"south": {"uv": [8, 0, 11.5, 3.5], "texture": "#0"},
				"west": {"uv": [12.5, 4.5, 11.5, 8], "texture": "#0"},
				"up": {"uv": [15, 9, 11.5, 8], "texture": "#0"},
				"down": {"uv": [15, 9, 11.5, 10], "texture": "#0"}
			}
		},
		{
			"from": [6, -6, 6],
			"to": [10, 16, 10],
			"rotation": {"angle": 0, "axis": "y", "origin": [7, -3, 7]},
			"faces": {
				"north": {"uv": [7, 10, 8, 15.5], "texture": "#0"},
				"east": {"uv": [7, 10, 8, 15.5], "texture": "#0"},
				"south": {"uv": [7, 10, 8, 15.5], "texture": "#0"},
				"west": {"uv": [7, 10, 8, 15.5], "texture": "#0"},
				"up": {"uv": [5.5, 14, 4.5, 13], "texture": "#0"},
				"down": {"uv": [5.5, 13, 4.5, 14], "texture": "#0"}
			}
		},
		{
			"from": [15.3, 26, 2],
			"to": [15.3, 28, 4],
			"rotation": {"angle": 0, "axis": "y", "origin": [-1, 0, 0]},
			"faces": {
				"north": {"uv": [4.5, 9.5, 5, 10], "texture": "#0"},
				"east": {"uv": [5, 9.5, 4.5, 10], "texture": "#0"},
				"south": {"uv": [4.5, 9.5, 5, 10], "texture": "#0"},
				"west": {"uv": [4.5, 9.5, 5, 10], "texture": "#0"},
				"up": {"uv": [4.5, 9.5, 5, 10], "texture": "#0"},
				"down": {"uv": [4.5, 9.5, 5, 10], "texture": "#0"}
			}
		},
		{
			"from": [15.3, 26, 12],
			"to": [15.3, 28, 14],
			"rotation": {"angle": 0, "axis": "y", "origin": [-1, 0, 10]},
			"faces": {
				"north": {"uv": [4.5, 9.5, 5, 10], "texture": "#0"},
				"east": {"uv": [5, 9.5, 4.5, 10], "texture": "#0"},
				"south": {"uv": [4.5, 9.5, 5, 10], "texture": "#0"},
				"west": {"uv": [4.5, 9.5, 5, 10], "texture": "#0"},
				"up": {"uv": [4.5, 9.5, 5, 10], "texture": "#0"},
				"down": {"uv": [4.5, 9.5, 5, 10], "texture": "#0"}
			}
		},
		{
			"from": [15.3, 16, 12],
			"to": [15.3, 18, 14],
			"rotation": {"angle": 0, "axis": "y", "origin": [-1, -10, 10]},
			"faces": {
				"north": {"uv": [4.5, 9.5, 5, 10], "texture": "#0"},
				"east": {"uv": [5, 9.5, 4.5, 10], "texture": "#0"},
				"south": {"uv": [4.5, 9.5, 5, 10], "texture": "#0"},
				"west": {"uv": [4.5, 9.5, 5, 10], "texture": "#0"},
				"up": {"uv": [4.5, 9.5, 5, 10], "texture": "#0"},
				"down": {"uv": [4.5, 9.5, 5, 10], "texture": "#0"}
			}
		},
		{
			"from": [15.3, 16, 2],
			"to": [15.3, 18, 4],
			"rotation": {"angle": 0, "axis": "y", "origin": [-1, -10, 0]},
			"faces": {
				"north": {"uv": [4.5, 9.5, 5, 10], "texture": "#0"},
				"east": {"uv": [5, 9.5, 4.5, 10], "texture": "#0"},
				"south": {"uv": [4.5, 9.5, 5, 10], "texture": "#0"},
				"west": {"uv": [4.5, 9.5, 5, 10], "texture": "#0"},
				"up": {"uv": [4.5, 9.5, 5, 10], "texture": "#0"},
				"down": {"uv": [4.5, 9.5, 5, 10], "texture": "#0"}
			}
		},
		{
			"from": [0.7, 16, 2],
			"to": [0.7, 18, 4],
			"rotation": {"angle": 0, "axis": "y", "origin": [-16, -10, 0]},
			"faces": {
				"north": {"uv": [4.5, 9.5, 5, 10], "texture": "#0"},
				"east": {"uv": [4.5, 9.5, 5, 10], "texture": "#0"},
				"south": {"uv": [4.5, 9.5, 5, 10], "texture": "#0"},
				"west": {"uv": [4.5, 9.5, 5, 10], "texture": "#0"},
				"up": {"uv": [4.5, 9.5, 5, 10], "texture": "#0"},
				"down": {"uv": [4.5, 9.5, 5, 10], "texture": "#0"}
			}
		},
		{
			"from": [0.7, 26, 2],
			"to": [0.7, 28, 4],
			"rotation": {"angle": 0, "axis": "y", "origin": [-16, 0, 0]},
			"faces": {
				"north": {"uv": [4.5, 9.5, 5, 10], "texture": "#0"},
				"east": {"uv": [4.5, 9.5, 5, 10], "texture": "#0"},
				"south": {"uv": [4.5, 9.5, 5, 10], "texture": "#0"},
				"west": {"uv": [4.5, 9.5, 5, 10], "texture": "#0"},
				"up": {"uv": [4.5, 9.5, 5, 10], "texture": "#0"},
				"down": {"uv": [4.5, 9.5, 5, 10], "texture": "#0"}
			}
		},
		{
			"from": [2, 29.3, 2],
			"to": [4, 29.3, 4],
			"rotation": {"angle": 0, "axis": "y", "origin": [-15, 3, 0]},
			"faces": {
				"north": {"uv": [4.5, 9.5, 5, 10], "texture": "#0"},
				"east": {"uv": [4.5, 9.5, 5, 10], "texture": "#0"},
				"south": {"uv": [4.5, 9.5, 5, 10], "texture": "#0"},
				"west": {"uv": [4.5, 9.5, 5, 10], "texture": "#0"},
				"up": {"uv": [4.5, 9.5, 5, 10], "texture": "#0"},
				"down": {"uv": [4.5, 9.5, 5, 10], "texture": "#0"}
			}
		},
		{
			"from": [2, 14.8, 2],
			"to": [4, 14.8, 4],
			"rotation": {"angle": 0, "axis": "y", "origin": [-15, -12, 0]},
			"faces": {
				"north": {"uv": [4.5, 9.5, 5, 10], "texture": "#0"},
				"east": {"uv": [4.5, 9.5, 5, 10], "texture": "#0"},
				"south": {"uv": [4.5, 9.5, 5, 10], "texture": "#0"},
				"west": {"uv": [4.5, 9.5, 5, 10], "texture": "#0"},
				"up": {"uv": [4.5, 9.5, 5, 10], "texture": "#0"},
				"down": {"uv": [4.5, 9.5, 5, 10], "texture": "#0"}
			}
		},
		{
			"from": [12, 14.8, 2],
			"to": [14, 14.8, 4],
			"rotation": {"angle": 0, "axis": "y", "origin": [-5, -12, 0]},
			"faces": {
				"north": {"uv": [4.5, 9.5, 5, 10], "texture": "#0"},
				"east": {"uv": [4.5, 9.5, 5, 10], "texture": "#0"},
				"south": {"uv": [4.5, 9.5, 5, 10], "texture": "#0"},
				"west": {"uv": [4.5, 9.5, 5, 10], "texture": "#0"},
				"up": {"uv": [4.5, 9.5, 5, 10], "texture": "#0"},
				"down": {"uv": [4.5, 9.5, 5, 10], "texture": "#0"}
			}
		},
		{
			"from": [12, 14.8, 12],
			"to": [14, 14.8, 14],
			"rotation": {"angle": 0, "axis": "y", "origin": [-5, -12, 10]},
			"faces": {
				"north": {"uv": [4.5, 9.5, 5, 10], "texture": "#0"},
				"east": {"uv": [4.5, 9.5, 5, 10], "texture": "#0"},
				"south": {"uv": [4.5, 9.5, 5, 10], "texture": "#0"},
				"west": {"uv": [4.5, 9.5, 5, 10], "texture": "#0"},
				"up": {"uv": [4.5, 9.5, 5, 10], "texture": "#0"},
				"down": {"uv": [4.5, 9.5, 5, 10], "texture": "#0"}
			}
		},
		{
			"from": [2, 14.8, 12],
			"to": [4, 14.8, 14],
			"rotation": {"angle": 0, "axis": "y", "origin": [-15, -12, 10]},
			"faces": {
				"north": {"uv": [4.5, 9.5, 5, 10], "texture": "#0"},
				"east": {"uv": [4.5, 9.5, 5, 10], "texture": "#0"},
				"south": {"uv": [4.5, 9.5, 5, 10], "texture": "#0"},
				"west": {"uv": [4.5, 9.5, 5, 10], "texture": "#0"},
				"up": {"uv": [4.5, 9.5, 5, 10], "texture": "#0"},
				"down": {"uv": [4.5, 9.5, 5, 10], "texture": "#0"}
			}
		},
		{
			"from": [12, 29.3, 2],
			"to": [14, 29.3, 4],
			"rotation": {"angle": 0, "axis": "y", "origin": [-5, 3, 0]},
			"faces": {
				"north": {"uv": [4.5, 9.5, 5, 10], "texture": "#0"},
				"east": {"uv": [4.5, 9.5, 5, 10], "texture": "#0"},
				"south": {"uv": [4.5, 9.5, 5, 10], "texture": "#0"},
				"west": {"uv": [4.5, 9.5, 5, 10], "texture": "#0"},
				"up": {"uv": [4.5, 9.5, 5, 10], "texture": "#0"},
				"down": {"uv": [4.5, 9.5, 5, 10], "texture": "#0"}
			}
		},
		{
			"from": [12, 29.3, 12],
			"to": [14, 29.3, 14],
			"rotation": {"angle": 0, "axis": "y", "origin": [-5, 3, 10]},
			"faces": {
				"north": {"uv": [4.5, 9.5, 5, 10], "texture": "#0"},
				"east": {"uv": [4.5, 9.5, 5, 10], "texture": "#0"},
				"south": {"uv": [4.5, 9.5, 5, 10], "texture": "#0"},
				"west": {"uv": [4.5, 9.5, 5, 10], "texture": "#0"},
				"up": {"uv": [4.5, 9.5, 5, 10], "texture": "#0"},
				"down": {"uv": [4.5, 9.5, 5, 10], "texture": "#0"}
			}
		},
		{
			"from": [2, 29.3, 12],
			"to": [4, 29.3, 14],
			"rotation": {"angle": 0, "axis": "y", "origin": [-15, 3, 10]},
			"faces": {
				"north": {"uv": [4.5, 9.5, 5, 10], "texture": "#0"},
				"east": {"uv": [4.5, 9.5, 5, 10], "texture": "#0"},
				"south": {"uv": [4.5, 9.5, 5, 10], "texture": "#0"},
				"west": {"uv": [4.5, 9.5, 5, 10], "texture": "#0"},
				"up": {"uv": [4.5, 9.5, 5, 10], "texture": "#0"},
				"down": {"uv": [4.5, 9.5, 5, 10], "texture": "#0"}
			}
		},
		{
			"from": [0.7, 26, 12],
			"to": [0.7, 28, 14],
			"rotation": {"angle": 0, "axis": "y", "origin": [-16, 0, 10]},
			"faces": {
				"north": {"uv": [4.5, 9.5, 5, 10], "texture": "#0"},
				"east": {"uv": [4.5, 9.5, 5, 10], "texture": "#0"},
				"south": {"uv": [4.5, 9.5, 5, 10], "texture": "#0"},
				"west": {"uv": [4.5, 9.5, 5, 10], "texture": "#0"},
				"up": {"uv": [4.5, 9.5, 5, 10], "texture": "#0"},
				"down": {"uv": [4.5, 9.5, 5, 10], "texture": "#0"}
			}
		},
		{
			"from": [0.7, 16, 12],
			"to": [0.7, 18, 14],
			"rotation": {"angle": 0, "axis": "y", "origin": [-16, -10, 10]},
			"faces": {
				"north": {"uv": [4.5, 9.5, 5, 10], "texture": "#0"},
				"east": {"uv": [4.5, 9.5, 5, 10], "texture": "#0"},
				"south": {"uv": [4.5, 9.5, 5, 10], "texture": "#0"},
				"west": {"uv": [4.5, 9.5, 5, 10], "texture": "#0"},
				"up": {"uv": [4.5, 9.5, 5, 10], "texture": "#0"},
				"down": {"uv": [4.5, 9.5, 5, 10], "texture": "#0"}
			}
		},
		{
			"from": [5.7, -2.3, 5.7],
			"to": [10.3, 3.3, 10.3],
			"rotation": {"angle": 0, "axis": "y", "origin": [7, 1, 3]},
			"faces": {
				"north": {"uv": [0, 14.75, 1, 16], "texture": "#0"},
				"east": {"uv": [0, 14.75, 1, 16], "texture": "#0"},
				"south": {"uv": [0, 14.75, 1, 16], "texture": "#0"},
				"west": {"uv": [0, 14.75, 1, 16], "texture": "#0"}
			}
		}
	],
	"display": {
		"thirdperson_righthand": {
			"rotation": [21, 0, 0],
			"translation": [0, 5, 2.75],
			"scale": [0.9, 0.9, 0.9]
		},
		"firstperson_righthand": {
			"rotation": [-13, 11, 5],
			"translation": [5.25, -0.75, -7],
			"scale": [0.8, 0.8, 0.8]
		},
		"firstperson_lefthand": {
			"rotation": [-13, 11, 5],
			"translation": [5.25, -0.75, -7],
			"scale": [0.8, 0.8, 0.8]
		},
		"ground": {
			"translation": [0, 11.25, 0]
		},
		"gui": {
			"rotation": [38, -152, 38],
			"translation": [-1.25, -3.5, 0],
			"scale": [0.625, 0.625, 0.625]
		}
	},
	"groups": [
		0,
		1,
		2,
		3,
		4,
		5,
		6,
		7,
		8,
		9,
		10,
		11,
		{
			"name": "group",
			"origin": [-16, -10, 10],
			"color": 0,
			"children": [12, 13, 14, 15, 16, 17, 18, 19, 20, 21, 22, 23, 24, 25, 26, 27]
		},
		28
	]
}